date,comment,symbol,label_1,label_2
"16 Dec 22, 13:02","SAHAM-SAHAM MENARIK SESI 1 16 DESEMBER

$BEBS (Stock Split + Bullish Pattern)
âœ“ BEBS yg mau Stock Split kasih sinyal Bullish Pennant mini dengan jebol neckline yg juga tipis2. Pesta kecil sebelum Stock Split?

$TRGU (Bottom Fishing)
âœ“ Akhirnya sampai bottom juga setelah lama sideways di 230 (terlalu banyak kuning 230 di RTI, mirip2 bottoming CARS yg sedang berlangsung saat ini, hehe). Apakah ini saatnya bangkit? Who knows.. kalau kamu berhati-hati, mending nunggu Brokesum-nya dulu hari ini. Buat saya pribadi, nanti kalau Brokesum bagus, bakal saya tingkatin levelnya jadi Watchlist buat Senin.
âœ“ Cons: Track Record bottom dulu nggak terlalu nanjak.

(Bottom Fishing)
âœ“ Habitatnya sih 190-200an ya, tapi seingat saya 170-180 masih banyak nyangkuters (gara2 merah berjilid). Rawan jemur kalau nyampe sana.

(Bottom Fishing)
âœ“ Menarik diamati karena selain Bottom, ada juga potensi jebol neckline Falling Wedge Pattern, hehe. Early signal buat yg demen Bullish Pattern ini ğŸ˜‡

(Mirror Saham Lainnya)
âœ“ Kayaknya saham ini mirroring SSMS.. SSMS lagi enak buat Swing, & CBUT ikut naik.. apakah keuntungan di CBUT buat katrol SSMS? Coba dianalisis pakai Bandarmology.. khususnya soal saham mirroring induk-anak/perusahaan satu grup. Bagi saya, ini masih sebatas hipotesis/dugaan saja ğŸ˜‡

* ini kebetulan senggang jadi bisa ngonten tengah market, karena ada waktu sebelum & setelah Jum'atan. Moga konten tengah market begini sering2 tersedia ya (belum bisa jadi Full Time Trade soalnya), hehe.",TRGU,0.0,0.0
"14 Dec 22, 23:27",sy udah nunggu 5 bulan ga terbang2 $TRGUğŸ˜·ğŸ˜·,TRGU,1.0,0.0
"14 Dec 22, 14:51",$TRGU besok terbang ğŸš€,TRGU,2.0,0.0
"12 Dec 22, 08:21","$TRGU
Plan lengkap ada di channel telegram, Klik saja linknya di bio ya. Disana ada menu ODT, ARB hunter, swing dan live trade. Free tidak ada embel"" apapunğŸ˜šğŸ˜š",TRGU,0.0,1.0
"11 Dec 22, 22:16","$TRGU

Baru IPO bbrp bulan lalu. Secara teknikal, TRGU masih downtrend. Ada support di 220-226.

Menurut kami, TRGU belum cocok untuk dikoleksi karena masih dalam posisi downtrend. Harga pun hanya bergerak dikisaran 226-230. Rangenya terlalu sempit.

Lebih baik wait n see dulu.",TRGU,1.0,0.0
"11 Dec 22, 01:13",$TRGU,TRGU,0.0,0.0
"6 Dec 22, 15:00",$TRGU,TRGU,0.0,0.0
"6 Dec 22, 15:00",$TRGU siap2x to moon,TRGU,2.0,0.0
"6 Dec 22, 14:53",saat $IHSG turun $TRGU bakalan up,TRGU,0.0,0.0
"5 Dec 22, 10:40",Laporan Bulanan Registrasi Pemegang Efek [TRGU],TRGU,0.0,0.0
"1 Dec 22, 09:42","dimana pangeran(bandar)nya?, putri $TRGU sudah lama tertidur. para kurcaci(ritel) termenung meratapi nasib putri $TRGU.",TRGU,1.0,0.0
"30 Nov 22, 11:27","$TRGU saham tidur , akankah ke harga 50 ?",TRGU,1.0,0.0
"30 Nov 22, 10:18","News Update
ğŸ‘‰ November Terakhir 2022, Wall Street melemah 3 hari beruntun.
ğŸ‘‰ Harga minyak dunia kembali naik usai Lockdown China mulai diperlonggar.
ğŸ‘‰ Jokowi akan melakukan banding atas gugatan WTO tentang kebijakan larangan ekspor nikel .
ğŸ‘‰ $BJBR meraih Banking Award 2022 dari Lembaga Penjamin Simpanan.
ğŸ‘‰ Ekspansi bisnis, $TRGU serius kembangkan bisnis pengolahan pakan ternak.
ğŸ‘‰ $PZZA catatkan Rugi bersih Rp 35,499M pada kuartal III 2022, memburuk dibanding tahun lalu yang catatkan laba bersih Rp 13,309M
ğŸ‘‰ menderita Rugi bersih Rp 157,55M pada kuartal III 2022, membengkak 53,3% secara yoy.
ğŸ‘‰ Miranda Goeltom di copot dari kursi komisaris",TRGU,0.0,1.0
"29 Nov 22, 16:13","setelah kena prank di $TRGU kali ini coba strategi baru predict target emiten
$MPOW man power
Â©ari hadiah dari analisa TA sederhana ğŸ¦¸ğŸ¤‘ğŸ€

-Quote-
""biar sedikit yang penting profit"" ğŸ’°
ğŸ‘‹ persen cukup ğŸŒŸ",TRGU,0.0,0.0
"29 Nov 22, 16:10","Cerestar Indonesia (TRGU) Ekspansi Bisnis ke Bahan Pakan Ternak
JAKARTA, PT Cerestar Indonesia Tbk (TRGU) akan merambah bisnis perdagangan bahan baku pakan ternak. Emiten produsen tepung olahan gandum yang merupakan bagian dari Cerestar Group ini mengakui serius mendiversifikasi usaha dengan mengembangkan perdagangan bahan pakan ternak melalui anak perusahaan PT...",TRGU,0.0,0.0
"28 Nov 22, 19:35","tahun 2000-2005

banyak saham perusahaan PREMIUM baru IPO

jadi wajar pada BAGGER di 2010-2022 an

tahun 2019-2021

banyak saham perusahaan SAMPAH baru IPO

jadi wajar pada BEGGAR di 2032 an
jgn kan sampe 2032,

di 2023 jg sdh BEGGAR

random tags



mau yg pasti-pasti aja?

ya ajağŸ˜‰",TRGU,0.0,0.0
"28 Nov 22, 12:06","$GULA $ASLC barang lama gua terbang. memang begitulah saham
hal ini tak perlu di sesali, namun sering di sesali para newby. saham klo banyak yg hold maka akan amat sulit untuk di gorengen. terlebih lagi 1 orang numpang 300 jt dan di hold sangat amat lama dan yg terjadi saham gk akan kemana mana hingga kamu cut los dan jual di harga murah. ada bandar yg no problem di tumpang i 200 jt - 50jt ada yang di tumpang i 20 jt langsung di guyur. hal ini banyak alasanya
1 Bandar Itu Menghitung Transaksi harian ( market cap ) rata ratanya tu berapa, apabila ada Ritel tiba tiba masuk dengan dana besar dalam 1 hari di atas rata rata yang mana selama mereka mantau sahamnya gk ada dana sebesar itu ya udah. akan di hajar dan di tekan hingga kamu cut los ketika kamu keluar maka beban dia ringan
2 saham yang di pegang masyarkat.katakan lah apabila masyarakat memegang 70% lalu bandar 30%, mana kuat bandar goreng dengan kendali saham 30% .yang namanya bandar itu pengendali dan yg namanya pengedali itu harus bisa mengotrol penuh pada kendaranya di atas 60% .masak iya anak kecil naik motor dengan berat 200kg sedangkan beban anak 50kg ya berat. dan yg ada malah dia kecelakaan. bandar jg mau untung dong..... logika dong

jadi poinya, semakin besar dana kalian. kalian harus waspada dan harus cerdas, karena itu lebih baik saya kasih saran di semua saham itu masuk 5.000.000 untuk scalping itu cukup",TRGU,0.0,1.0
"26 Nov 22, 22:31",$TRGUâ˜•ï¸,TRGU,0.0,0.0
"26 Nov 22, 14:23 Â· Edited on 26 Nov 22, 17:12","RmS09cXz , liat aja di broksum, LH aja beli banyak $ZATA di 230, kemarin buang tuh di 215, hadeh baru beli juga cutloss, perusahaan dinilai 5-6kali dari harganya eps cuma 1 koma, barangnya juga ga bisa dikonsumsi habis tiap hari kan, spt Air Galon Aqua $PDPP ama terigu buat pisang goreng $TRGU, newbie sekarang lagi fomo emiten yg pbv 0.25 , labanya naik terus puluhan kali dari $ZATA, jumlah sahamnya ga sebanyak $ZATA, harga murmer 72 an ğŸ˜‡ kl aset emiten ini dijual, juga masi bisa beroperasi kavlingnya bnyk, kl nyangkutpun valuasi masih murah, lagian ada IPO baru juga tuh, akan dimodalin tebel dari Jepang, developer+ fintechâ˜ºï¸$VTNY",TRGU,0.0,1.0
"24 Nov 22, 14:49","@idayu selama sebulan ini ku lihat gak ada bandar yg akumulasi, MG net sell di harga 230 ğŸ˜…$TRGU",TRGU,1.0,0.0
"23 Nov 22, 11:42 Â· Edited on 23 Nov 22, 11:49","https://stockbit.com/post/10144395
masih inget banyak ipo hunter suka banget kalo UW-nya KI. OMED yang KI cuma 10% jatahnya ipo hunter pesan sampe antriannya 40kğŸ˜‚

https://stockbit.com/post/10146449
sama juga kaya ini, MG dlu era pertama ngawal IPO TRGU heboh banget. Apalagi habis ARA 1-2x si john hens yang katanya ""bandar"" TRGU pdhl dia sendiri ga pernah ngomong dipuji-puji sama ipo hunter. Sekarang juga PDPP ipo hunter banyak beli karena katanya ada bos besar inisial ""a"" di dalemnya + MG yang pasti bakalan bagger. Realitanya habis ARA 1x dibanting sampe arb 2-3x baru habis itu ipo hunter boleh keluar

Banyak ipo hunter atau yang ngakunya ""analis ipo"" liat UW sebagai patokan ini emiten layak dibeli atau ga. Memang ga salah, cuma dari 2 contoh tadi harusnya bisa disimpulkan UW bukan jaminan emiten itu bagus",TRGU,0.0,1.0
"21 Nov 22, 19:38","$TRGU bisa buat bikin kue ğŸ¥¨
Â©ari hadiah dari analisa TA sederhana ğŸ™„ğŸ¤‘ğŸ€

-Quote-
""biar sedikit yang penting profit"" ğŸ’°",TRGU,1.0,0.0
"21 Nov 22, 19:34","Saham PROBUY > LOSSELL pilihan untuk seminggu kedepan, silahkan analisa kembali bukan ajakan Jual/Beli:
$AMAR
$TRGU


*Discount On Laimer ğŸ’

- volume bagus belum tentu naek, tapi sahamnya pasti bergerak ke kanan, saya berani jamin ğŸ˜ğŸ‘ -
ketika sudah sentuh diatas 3% akan diupdate",TRGU,0.0,0.0
"21 Nov 22, 15:43",$TRGU susah ya mau ke 250,TRGU,1.0,0.0
"20 Nov 22, 23:45",$TRGU ok sikat,TRGU,2.0,0.0
"19 Nov 22, 20:12 Â· Edited on 19 Nov 22, 20:12","tahun 2017 $MYRX masih LQ 45 lho.
skrg sdh hampir DELISTING. + $RIMO

dulu lagi ada KARK yg sdh gugur.

itulah SAHAM, ada musimnya.

kemudian 2022 musim $TRGU ğŸ˜‰

dan berlalu setelah sentuh 500

terkapar di 230...

mau aman?
hanya saham yg tidak pernah turun di
nabung selot-selot sampai 1000 lot
minimal cukup lah utk hari uzur tanpa ganggu anak cucu secara ekonomiğŸ˜‰

drpd naruh uang di asuransi ya-kan?",TRGU,0.0,0.0
"19 Nov 22, 13:43","@BambangKresno $PDPPga akan naik dlm waktu dekat, takutnya kalau masuk malah disangkutin, saham $PDPP sptnya akan spt $TRGU Om, akan sideways naiknya lama",TRGU,2.0,1.0
"18 Nov 22, 18:24","$TRGU Natal, Tahun Baru, Lebaran, Hajatan, permintaan terigu akan terus bertumbuh pesat, apalagi kalau sdh mempunyai customer tetap, setiap hari orang mengkonsumsinya, dan besoknya hrs beli lagi kl mau pakai/ makan",TRGU,2.0,0.0
"16 Nov 22, 01:38 Â· Edited on 16 Nov 22, 08:45","Di dalam trading, kita perlu berpikir dalam konsep musim yang terus berganti. Ada kalanya musim. menanam, ada kalanya musim menuai, dan ada kalanya kita hanya menunggu sampai musimnya berubah. Bahkan terkadang badaipun muncul dan hal terbaik yang kita bisa lakukan adalah menunggu dengan sabar.

Konsep ini sama persis dengan dunia trading, ada kalanya peluang profit banyak, mayoritas saham uptrend, waktunya trading dengan agresif dan beberapa bahkan menggunakan margin. Namun ada kalanya market bergerak santai dan pelan, tidak mengarah kemanapun hanya naik dan turun dalam range yang kurang lebih sama. Seorang trader profesional bersikap seperti air yang mengalir, beradaptasi terhadap musim dan kondisi market, dan terkadang hal terbaik yang bisa dilakukan ya do nothing

Tidak memaksakan trading, tidak memaksakan mencari profit, tidak memaksakan menanam mangga di musim rambutan.

""Dalam setiap penyakit ada banyak hari dimana dokter tidak bisa berbuat apa-apa selain menunggu""

Jadi, apakah kalian mampu menunggu dengan sabar?

Treding Itu Negative Sum Game. Ingat Baik"" hal Itu. Scalper Lama pasti tau Alasanya....",TRGU,0.0,0.0
"14 Nov 22, 22:39","@Denaepbroiler Muke Gile ğŸ˜‚
$PDPP $ZATA $TRGU $BUMI",TRGU,0.0,1.0
"14 Nov 22, 20:48 Â· Edited on 14 Nov 22, 20:49","makanya jgn berharap kalo $PDPP bisa kaya $TRGU $COAL, namanya juga pasar modal cuan ya bungkuss , heran pada nyalahin UW nya ğŸ˜†",TRGU,1.0,1.0
"13 Nov 22, 16:01","@nathanaelsugiarto @ekojulia7777 $PDPP kalau naik dipuja-puja, kalau diturun dihinaa ğŸ¤£ mungkin angan""nya ritel $PDPP bisa bagger seperti $TRGU & $COAL ğŸ¤£ğŸ¤£",TRGU,1.0,1.0
"13 Nov 22, 04:52",$TRGU ngeprank janji tebar deviden,TRGU,1.0,0.0
"11 Nov 22, 21:45","kalau ga salah inget $TRGU harga IPO 210 dan $COAL harga nya 100, sedangkan harga pasarnya saat ini masih diatas harga IPO walaupun selisihnya tipis",TRGU,0.0,0.0
"11 Nov 22, 19:57",@Fireshare kukira pengalaman di $TRGU bakal terulang di sini,TRGU,0.0,0.0
"10 Nov 22, 20:08","@haje casenya sama kayak $$TRGU , pelakunya dia lagi dia lagi. mainnya sama pula",TRGU,0.0,0.0
"10 Nov 22, 13:46","@RudiAlexander iya dong, sy jg pemuja di $TRGU . Cuma 2 kan pilihannya : dipuja atau dihujat? wkwkwk",TRGU,2.0,0.0
"10 Nov 22, 10:10","drama tralalala ğŸ˜‚

Ritel pikir $PDPP bakal seperti $TRGU ARA berjilid-jilid...

Ternyata oh...

Coba absen , tadi ada nggak yang sebelum opening ikut pasang bid di 336 ?",TRGU,0.0,0.0
"10 Nov 22, 09:35","Setelah gagal di $TRGU buat jual di atas kak,,,, MG langsung guyur di$PDPP ğŸ˜¬ğŸ˜¬ğŸ˜¬",TRGU,1.0,0.0
"9 Nov 22, 11:20",$TRGU janji jual di 500 ehh turun mulu,TRGU,1.0,0.0
"8 Nov 22, 20:58",Test arus $TRGU,TRGU,0.0,0.0
"8 Nov 22, 18:18","$TRGU masih merah males beli, tar naik pucuk japri ya, saya mah gitu, beli atas nanti jualnya pas bawah",TRGU,1.0,0.0
"7 Nov 22, 18:08","$PDPP sebegitu jahatkah kau MG alokasi gak sampai 1% sekali2 coba diatas 100 juta dapatnya mini.. hikz berharap dapat 2-3% padahal

Tapi harus tetap bersyukur semoga bisa jadi seperti $TRGU diawal2

yang dibawah 100 Juta, penjatahan pada berapa yaa..",TRGU,0.0,0.0
"7 Nov 22, 10:52","$TRGU yg lain hijau, dia ttep merah, yg lain merah, dia pun merah ğŸ¤£ bolak balik di 228-232, kayak setrikaan aja ğŸ˜",TRGU,1.0,0.0
"4 Nov 22, 18:26",$TRGU terigu emang paling koplak,TRGU,1.0,0.0
"4 Nov 22, 13:50",Laporan Bulanan Registrasi Pemegang Efek [TRGU],TRGU,0.0,0.0
"4 Nov 22, 02:10","MASYARAKAT 1.50 B 18.8788%
5 milyar/ 500 juta = +- 7-8 % lot di miliki masyarakat, emang emang bakal ada yang angkat harga dengan akumulasi 7% sahamnya ? Harga sekarang Rp 230 Current Tang. Book Value Per Share Rp 162, pbv 1,5 kali.laba bersih 70 milyar,hutang Rp 1,5 T, butuh 15 tahun untuk bayar hutang. skip dulu $TRGU semakin lama hold,pemegang saham lama distribusi mencoba exit dulu biar ritel akumulasi,di bursa gak bisa ada hope kalau fundamental gak bagus, aneh nya net income
Q2 1,561 B laba 20 milyar
Q3 988 B laba 50 milyar
ini perusahaan ngepet atau atau gimana revenue turun 30% net income nai 60% .",TRGU,0.0,1.0
"4 Nov 22, 02:07","@Okinawa MASYARAKAT 1.50 B 18.8788%
5 milyar/ 500 juta = +- 7-8 % lot di miliki masyarakat, emang emang bakal ada yang amgakt harga dengan akumulasi 7% sahamnya ? Current Tang. Book Value Per Share Rp 162, pbv 1,5 kali.laba bersih 70 milyar,hutang Rp 1,5 T, butuh 15 tahun untuk bayar hutang. skip dulu $TRGU semakin lama hold,pemegang saham lama distribusi mencoba exit dulu biar ritel akumulasi,di bursa gak bisa ada hope kalau fundamental gak bagus, aneh nya net income
Q2 1,561 B laba 20 milyar
Q3 988 B laba 50 milyar
ini perusahaan ngepet atau atau gimana revenue turun 30% net income nai 60% .",TRGU,0.0,1.0
"4 Nov 22, 02:06","@GalihWahyu09 MASYARAKAT 1.50 B 18.8788%
5 milyar/ 500 juta = +- 7-8 % lot di miliki masyarakat, emang emang bakal ada yang amgakt harga dengan akumulasi 7% sahamnya ? Current Tang. Book Value Per Share Rp 162, pbv 1,5 kali.laba bersih 70 milyar,hutang Rp 1,5 T, butuh 15 tahun untuk bayar hutang. skip dulu $TRGU semakin lama hold,pemegang saham lama distribusi mencoba exit dulu biar ritel akumulasi,di bursa gak bisa ada hope kalau fundamental gak bagus, aneh nya net income
Q2 1,561 B laba 20 milyar
Q3 988 B laba 50 milyar
ini perusahaan ngepet atau atau gimana revenue turun 30% net income nai 60% .logika aja boy.",TRGU,0.0,1.0
"3 Nov 22, 17:20",$PDPP yang waktu itu persen $TRGU dapat jatah berapa persen pas IPO gan????,TRGU,0.0,0.0
"3 Nov 22, 15:07",Jadi inget $TRGU sama $WIRG. Pompomers mah semua sama aja wkwkwkw,TRGU,0.0,0.0
"3 Nov 22, 13:51",$TRGU diem diem bae...,TRGU,0.0,0.0
"3 Nov 22, 08:58",klo sendirian biasanya terbang macam $TRGU,TRGU,2.0,0.0
"3 Nov 22, 08:42","@Indras1183 $TRGU cek aja LK nya, piutangnya macet 300 Man karena menjual ke afiliasi, afiliasi nunggu laku, makanya cashflow nambah hutang bank 500 Milyar buat nutupin operasional.",TRGU,1.0,0.0
"2 Nov 22, 23:35","$TRGU KEJUTAN, Prediksi Besok akan ARBâ€¦
Siapkan Mentalâ€¦ $BOSS",TRGU,1.0,0.0
"2 Nov 22, 10:31",$TRGU Hope is Good,TRGU,1.0,0.0
"1 Nov 22, 14:25",$TRGU hahahaha....kena pom pom,TRGU,1.0,0.0
"1 Nov 22, 09:07",@TRGU akan terbang hari ini,TRGU,2.0,0.0
"1 Nov 22, 05:50","$TRGU

Tunggu di 214",TRGU,0.0,0.0
"31 Oct 22, 16:02","$TRGU Akum belum selesai main digas aja, jadinya diguyur ğŸ˜”",TRGU,1.0,0.0
"31 Oct 22, 14:10","TRGU scores IDR 72.48 billion in third quarter net profit
TRGU - PT. Cerestar Indonesia Tbk Rp 230 +4 (+1,74%) More Info! JAKARTA - PT Cerestar Indonesia Tbk (TRGU) managed to book a net profit of IDR 72.48 billion in the third quarter of 2022, or 3.6 times the 2022 net profit target of IDR20 billion. The Company managed to record a 320% YoY increa...",TRGU,2.0,0.0
"31 Oct 22, 10:06",$TRGU setelah nyangkut di 240 akhirnya bs exit. TP pula ğŸ¤£,TRGU,2.0,0.0
"31 Oct 22, 09:17","News Today
ğŸ‘‰ Sri Mulyani: resesi bukan tantangan mudah, meski RI pernah krismon.
ğŸ‘‰ Harga Emas Antam stagnan di posisi Rp 939rb/gram.
ğŸ‘‰ Harga Minyak turun 1% pada pedagang Jum'at kemarin setelah Tiongkok memperluas Lock Down Covid.
ğŸ‘‰ $LPCK catatkan laba bersih Rp 274,19M pada kuartal III/2022, turun 20,3% secara yoy.
ğŸ‘‰ $MBAP meraih Laba bersih USD 162,36jt di kuartal III/2022, melonjak 237,5% secara yoy
ğŸ‘‰ meraih Laba bersih Rp 72,48M pada kuartal III/2022, meroket 320% secara yoy.
ğŸ‘‰ catatkan Laba bersih USD 6,462jt pada kuartal III/2022, turun 6,2% secara yoy.
ğŸ‘‰ Akibat nilai tukar Rupiah melemah, catat rugi bersih Rp 169,38M di Q3/2022, semakin memburuk secara yoy.",TRGU,1.0,0.0
"31 Oct 22, 04:41","KINERJA EMITEN 9M22

$AALI
PENDAPATAN Rp16,517.2 miliar (9M22) vs. Rp18,014.5 miliar (9M21)
LABA BERSIH* Rp1,215.9 miliar (9M22) vs. Rp1,469.2 miliar (9M21)

$ABDA
PENDAPATAN Rp596.0 miliar (9M22) vs. Rp601.5 miliar (9M21)
LABA BERSIH* Rp81.2 miliar (9M22) vs. Rp116.1 miliar (9M21)


PENDAPATAN Rp793.8 miliar (9M22) vs. Rp1,080.6 miliar (9M21)
LABA BERSIH* -Rp227.0 miliar (9M22) vs. -Rp385.8 miliar (9M21)


PENDAPATAN Rp168.5 miliar (9M22) vs. Rp152.4 miliar (9M21)
LABA BERSIH* Rp5.4 miliar (9M22) vs. -Rp3.3 miliar (9M21)


PENDAPATAN Rp2,548.6 miliar (9M22) vs. Rp2,613.1 miliar (9M21)
LABA BERSIH* Rp72.5 miliar (9M22) vs. Rp17.3 miliar (9M21)

*Laba bersih yang diatribusikan kepada pemilik entitas induk
Sumber: Emiten,",TRGU,0.0,1.0
"30 Oct 22, 22:04",@StockbitNews $TRGU,TRGU,0.0,0.0
"30 Oct 22, 19:56","Produsen Cerestar (TRGU) Janji Tebar Dividen, Efek Laba Naik
https://bit.ly/147E996, JAKARTA â€” Emiten produsen tepung olahan gandum PT Cerestar Indonesia Tbk. (TRGU) melaporkan lonjakan laba sepanjang periode Januari hingga September 2022. Perseroan memastikan bakal membagikan dividen kepada pemegang saham setelah torehan tersebut.Berdasarkan laporan keuangan, TRGU mem...",TRGU,2.0,0.0
"30 Oct 22, 10:40",$TRGU SELL on Good News âœŒğŸ»,TRGU,2.0,0.0
"29 Oct 22, 21:56 Â· Edited on 29 Oct 22, 21:57","@trendlines kagak bakalan dikasih naik lah,siapa juga yang mau akumulasi dengan valuasi
Size
Market Cap
1,482 B
Enterprise Value
1,367 B
Current Share Outstanding
6.45 B
MASYARAKAT
1.50 B
18.8788%
Current Tang. Book Value Per Share
162.77 PBV 2,15 kali
Current PE Ratio (Annualised)
37.64 Kali

Volume harian menurun,MG Masih Distribusi dengan Floating profit,kalau ada yang transaksi di pasar nego dengan jumlah besar dan harga di bawwah average bandarnya,yah kelar kalau yang akum distribusi juga,sebab yang lagi floating loss ogah CL.aneh ya.

XC 6.7 B 359
CC 6.3 B 326
MK 3.1 B 360
PO 2.9 B 281
NI 2.7 B 353
DR 2.3 B 341

lagian yang nyangkut di lumayan banyak.kayaknya aliran fundamental anti Cut loss susah,kalau lihat jumlah transaksi harian
kalau gini mending ke $ daripada
Kemaren sempat hold tapi udah CL minus 1 % ,dan lama ketahan padahal windows dressing udah jalan dan IPO menggiurkan kalau gak dulu lah.palingan cuma dapt selot2,jatah besarnya mah mamang",TRGU,0.0,1.0
"29 Oct 22, 19:24",$TRGU gue yakin seyakinnya nih barang kaga dikasi naik ğŸ¤£,TRGU,1.0,0.0
"29 Oct 22, 17:55","Laba Bersih TRGU Melesat 320% Hingga Kuartal III-2022
Warta Ekonomi, Jakarta -
Emiten produsen tepung olahan gandum, PT Cerestar Indonesia (TRGU) meraih laba bersih sekitar Rp72,48 miliar hingga akhir kuartal III-2022. Realisasi tersebut tumbuh 320% dibandingkan dengan laba bersih di periode yang sama tahun lalu.


â€œPencapaian laba bersih yang telah...",TRGU,2.0,0.0
"29 Oct 22, 15:49",$TRGU udah disiapin tempat di bulan..,TRGU,2.0,0.0
"28 Oct 22, 22:32","~Petani Yaman Beralih Menanam Gandum Sendiri Di Tengah Harga Yang Melonjak Tajam~

ğŸŒ¾ğŸŒ¾ğŸŒ¾
Beberapa petani Yaman telah beralih menanam gandum mereka sendiri karena gangguan global telah menghambat impor dan membuat harga melonjak di Yaman, di mana konflik tujuh tahun telah mendorong orang lebih dalam ke dalam kemiskinan dan membuat jutaan orang kelaparan, lapor Reuters.

Petani, Khaled Maasar, mengatakan sebagian besar orang Yaman tidak mampu membeli gandum asing dengan harga naik menjadi sekitar 20.000 riyal, setara dengan $33. Inflasi harga pangan telah berlipat ganda hanya dalam dua tahun di beberapa bagian negara.

â€œJika petani bekerja di ladang dan ini memberinya penghasilan, maka ini adalah berkah yang luar biasa. Inilah yang mendorong orang kembali bertani gandum,â€ katanya.

Konflik di Yaman yang dimulai pada 2014 dan membagi negara itu antara gerakan yang dipimpin Houtsi dan pemerintah yang didukung Saudi telah menghancurkan ekonomi dan infrastruktur dasar.

â€œAkibat krisis Ukraina, orang-orang yang sebelumnya tidak menanam, kini mulai menanam (gandum) di tanah mereka,â€ kata petani, Abdo Mohsn Sinan. â€œSekarang orang memanfaatkan tanah mereka, yang lebih baik daripada mengandalkan impor.â€

Produksi gandum lokal skala besar di Yaman menjadi tantangan karena air irigasi langka, dan infrastruktur untuk memanfaatkan curah hujan kurang.

Pada 2021, Yaman memproduksi sekitar 250.000 ton gandum. Pemerintah meluncurkan proyek untuk menambah hektar untuk penanaman gandum.

â€œKementerian Pertanian harus mendukung petani dengan benih dan biji-bijian, serta sumur dan bendungan,â€ kata Saleh Hababi, yang bekerja sebagai pedagang di ibu kota yang dikuasai Houtsi, Sanaâ€™a.

â€œIni akan meningkatkan produksi lokal dan kita tidak perlu bergantung pada impor sama sekali.â€ 

ğŸ”—ğŸ”—ğŸ”—
Source:",TRGU,0.0,1.0
"28 Oct 22, 14:50",Penyampaian Laporan Keuangan Interim Yang Tidak Diaudit [TRGU],TRGU,0.0,0.0
"27 Oct 22, 15:56","$TRGU Kisi Kisi Q3 TRGU
https://cutt.ly/sNg7Uqw",TRGU,0.0,0.0
"27 Oct 22, 11:16",$TPIA $TINS $ISSP $TRGU bikin ngantuk..,TRGU,1.0,0.0
"27 Oct 22, 10:00",$TRGU Lemah syahdu..,TRGU,1.0,0.0
"26 Oct 22, 18:23",$TRGU manggung bsk..,TRGU,2.0,0.0
"25 Oct 22, 12:03",Cuma tau $TRGU yg dikawal MG. Gak tau kenapa hancur begitu...,TRGU,1.0,0.0
"24 Oct 22, 10:44","Chart $TRGU

Masih downtrend, harga masih tertahan...
Sudah murah belum? Apa masih bisa turun lagi?",TRGU,1.0,0.0
"23 Oct 22, 20:46",$TRGU besok naik,TRGU,2.0,0.0
"21 Oct 22, 09:37",$TRGU HAKAAA..,TRGU,0.0,0.0
"20 Oct 22, 20:22",$TRGU,TRGU,0.0,0.0
"20 Oct 22, 19:22","Informasi beberapa laporan keuangan bank yang akan rilis ke depan, sudah saya share ke group premium pertamaks ron 666 kencingan tangki, tempat saya numpang. Tidak saya share di stockbit. Terima kasih

Selamat makan.

random:

$BUMI $MBAP $BMTR $SLIS $TRGU",TRGU,0.0,1.0
"20 Oct 22, 13:57",$TRGU ngentodddddddd,TRGU,1.0,0.0
"20 Oct 22, 10:34",$SICO liat bid nya jadi keinget $TRGU,TRGU,0.0,1.0
"19 Oct 22, 15:33",$TRGU buat bikin bakwan masa kalah sm harga bakwan..,TRGU,1.0,0.0
"19 Oct 22, 12:01",$TRGU sesi dua yok..,TRGU,0.0,0.0
"19 Oct 22, 10:20",$TRGU masih sepi,TRGU,0.0,0.0
"18 Oct 22, 18:56",$TRGU terigu belum saatnya melaju,TRGU,1.0,0.0
"18 Oct 22, 07:56","PT Cerestar Indonesia Tbk (TRGU) Optimis Laba Tahun 2022 Tercapai Di Atas 100% Dari Target
Emiten produsen tepung olahan gandum yang merupakan bagian dari Cerestar Group, PT Cerestar Indonesia Tbk (TRGU) mengaku, sekalipun ada bayang-bayang ancaman resesi ekonomi, Perseroan tetap optimis laba tahun 2022 akan dapat tercapai di atas 100% dari target.Optimistis itu didasari pencapaian di pad...",TRGU,0.0,0.0
"18 Oct 22, 06:46","$TRGU saham beredar 18% dengan kepemilikan ritel 7,5 % dari 1,5 milya lembar saham setara 1,12 juta lot saham Rp,25 milyar. rata2 transaksi 1 juta lot,belum ada sentimen laporan keuangan atau news yang bisa membuat ritel/big fund akumulasi saham ini dalam waktu dekat,secara fundamental DER sangat besar, dengan ROE yang lumayan kecil,pbv masih Rp 100 jadi dengan harga IPO dan harga sekarang masih https://cutt.ly/3BKmfgg di bawah dengan asumsi,no news no sentimen.dengan asumsi bandar tidak melakukan akumulasi di harga atas Karna belum undervalued,dengan net income asumsi perusahaan ini hanya bisa bagi dividen tidak lebih dari 1 rupiah.itupun jika ada pembagian dividen,dari ratio pembagian dividen 20-30%",TRGU,0.0,0.0
"18 Oct 22, 05:15",$TRGU,TRGU,0.0,0.0
"18 Oct 22, 04:40","Kejar Target, Cerestar Indonesia (TRGU) Segera Operasikan Fasilitas Baru
JAKARTA, https://bit.ly/2xtw1Yt - Emiten produsen tepung olahan gandum yakni PT Cerestar Indonesia Tbk (TRGU) segera operasikan fasilitas handling pakan ternak secara komersial. Hal ini sejalan dengan niatan perseroan untuk melebarkan rentang bisnis sekaligus meningkatkan pendapatan.Direktur Utama Cerestar Ind...",TRGU,0.0,0.0
"17 Oct 22, 16:55","Cerestar (TRGU) Ekspansi Bisnis ke Pakan Ternak Pakai Dana IPO
https://bit.ly/147E996, JAKARTA â€” Emiten produsen tepung olahan gandum bagian dari Cerestar Group, PT Cerestar Indonesia Tbk. (TRGU) melakukan ekspansi ke bisnis pakan ternak menggunakan dana IPO. Perusahaan akan segera mengoperasikan fasilitas handling pakan ternak yang tengah dibangunnya secara komersial.Da...",TRGU,0.0,0.0
"17 Oct 22, 10:49","$RAJA ARA KAN NDARğŸš€
$BUMI
$BOSS
$TRGU
$BKSL",TRGU,0.0,1.0
"16 Oct 22, 09:06","iyalah,bagi MG geng,mereka masuk puluhan milyar,cuan 1 % aja mereka udah bisa hidup 1 tahun,lah ritel2 unyu,masuk selot2 cuan ratusan ribu aja udah seneng terus fomo dengan AVG down yah rata2 AVG diatas IPO donk,berharap saham nya naik lagi.mereka MG pesan IPO ratusan milyar dapet puluhan milyar,terus diangkat dan di ganjel tinggi2 biar ritel makan di pucuk,gak lama di banting sampai harga mendekati harga IPO,contoh $TRGU berapa banyak ritel unyu nyangkut Karna AVG down dan nyangkut,sampai sekarang MG masih distribusi saham TRGU 2 bulan terakhir,toh 1 % floating profit mereka bisa makan selama setahun,lah ritel unyu loss 1 % puasa sebulan.dan aneh nya ritel unyu masih berharap $TRGU naik lagi dan bagger, wkwkwk mikir aja lah,600 juta lot saham trgu di ritel siapa yang mau angkat 138 milyar rupiah, berharap TRGU jadi bagger.fundamnetal belum cukup PBV masih harga 100 rupiah,malahan ritel yang tahan TRGU akan di bawa turun ke 100 rupiah,semakain di hold semakin di gencet.
gitu juga nantinya,ritel cuma dapet selot2 tapi MG geng dapet ratusan ribu lot,logikanya gini.apa kalian yakin MG geng punya harga AVG di harga IPO??waduh mana tau mereka di tawarin harga di bawah IPO oleh broker, broker BEP dulu dengan jual besar di bawah harga IPO dengan nawarin ke spekulan,nanti profit udah dapet dari ritel unyu yang beli di harga IPO toh saham harga 100 di jual 200 lah udah profit 100% brokernya.selamat cuan selot2.hehhehe",TRGU,1.0,0.0
"14 Oct 22, 09:38",$TRGU hasil spekulasi beli di 240 dan nyangkut ğŸ˜…,TRGU,1.0,0.0
"14 Oct 22, 09:27",$TRGU saham jancuk,TRGU,1.0,0.0
"13 Oct 22, 23:44",$TRGU besok mau kemana kamu ???,TRGU,0.0,0.0
"13 Oct 22, 14:36",@StevenSaham $TRGU Awal IPO udh TP nyoba masuk lagi malah nyangkut wkkwkwkwk,TRGU,1.0,0.0
"13 Oct 22, 14:34","$TRGU Menara 500, sekarang di inti bumi",TRGU,1.0,0.0
"13 Oct 22, 14:32",IPO PDPP jadi keinget $TRGU,TRGU,0.0,0.0
"13 Oct 22, 14:18 Â· Edited on 13 Oct 22, 14:18","$HATM mantap langsung naik pagi nya
Sesuai analisa yg saya krim

Ada yg cuan di $HATM ?

Follow Stockbit kami untuk dapat info lebih awal

Random Tag :
$GOTO $NETV $IATA $TRGU",TRGU,0.0,1.0
"13 Oct 22, 13:21",@BlueBeetle MG itu underwriter ipo $TRGU dari 210 bisa sampe ke 535 tu contohnya,TRGU,0.0,0.0
"12 Oct 22, 22:36",$TRGU besok buat gorengan enak yuhhh....,TRGU,1.0,0.0
"12 Oct 22, 09:46",$TRGU moga pakai terigu protein tinggi wkwkwk,TRGU,0.0,0.0
"11 Oct 22, 10:03",$TRGU Bikin new low baru aja sekalian di 200,TRGU,1.0,0.0
"11 Oct 22, 09:44","ini tepung kapan mau diadonin ndar?? keburu bantet dah

$TRGU",TRGU,1.0,0.0
"10 Oct 22, 19:29","$TRGU hati2 ada Monyet Gila disini ğŸ¤£


taulah sendiri kalo Monyet Gila lagi berkeliaran mending dirumah aja yah ğŸ˜‚",TRGU,1.0,0.0
"10 Oct 22, 10:27 Â· Edited on 10 Oct 22, 10:27","@andryhakim aku juga mau serok ,koh. kalau arb. amin bisa ganti laptop, buat jadi youtuber Mobile Legend mas.
$PANI

$BBCA $GOTO $SLIS $TRGU",TRGU,0.0,1.0
"10 Oct 22, 07:48","Neng $AISA kemarin rame di transaksikan
Menurut saya masih oke

Target berikutnya ke 190
Semoga mantul guys

Disclaimer On
Follow Stockbit kami untuk dapat info lebih awal
Random Tag :",TRGU,0.0,1.0
"9 Oct 22, 20:53",$TRGU besok kah??ğŸ¤­ğŸ”¥ğŸ”¥ğŸš€ğŸš€ğŸš€ğŸš€,TRGU,0.0,0.0
"7 Oct 22, 06:36","@Joestar9 Iya betul pak..banyak juga kok IPO yg diremehkan, tapi akhirnya bangkit..bahkan bisa naik tinggi juga.
$CRAB sya jg awalnya ga ikutan, ternyata malah ARA
$TRGU juga sama, tapi kalau ini sya emang telat input ğŸ˜…,,padahal pengen beli waktu itu
$KRYA juga, waktu IPO sya ga ikutan, padahal basicnya saya demen sektor konstruksi, tapi pas itu belum yakin..alhasil sekarang harga dah naik banget dari harga IPO dulu, dan sya baru ikutan..

ya semua balik ke keputusan masing"" sih ğŸ™ğŸ™",TRGU,0.0,0.0
"6 Oct 22, 18:17","$OMED Paling cm di kasih 1% kl harga bisa match
Tag $COAL $TRGU $BOSS",TRGU,0.0,1.0
"6 Oct 22, 12:45",$TRGU,TRGU,0.0,0.0
"6 Oct 22, 11:22","Halo, BTDers!
Senang banget hari ini sinyal dari Tim BTD berhasil buat kita profit!
Semoga besok kita tetap bisa profit bareng ya!

Jangan lupa follow Instagram dan Telegram BTD ya!
Link ada di Bio!

Happy Profit!!!",TRGU,0.0,1.0
"6 Oct 22, 11:18","Harga CPO berpeluang melanjutkan fase downtrend nya


$MYOR $UNVR $SIMP $GZCO $TRGU",TRGU,0.0,1.0
"6 Oct 22, 10:08","$TRGU ingat terigu , msh pakai protein rendah .....tunggu waktu yg tepat br p tinggi wkwkwk",TRGU,0.0,0.0
"6 Oct 22, 09:12","POLL
mana saham yang bandarnya paling sadis dalam ngebanting harga menurut kalian
$ARTO $WIRG $TRGU $BUKA $GOTO",TRGU,0.0,0.0
"5 Oct 22, 22:21",$TRGU,TRGU,0.0,0.0
"5 Oct 22, 12:13","@Denisaputra pollingnya hold 200
Polling ini jg $INDY $SMBR $DEWI $AMMS $TRGU",TRGU,0.0,1.0
"5 Oct 22, 11:30","Rekap jjs minggu lalu Calm Trading sebagai berikut..

$GOTO $OBMD $BIPI $TRGU

profit Everyday",TRGU,0.0,1.0
"4 Oct 22, 16:18","$WIRG
Kok turun terus ?
Di saham apapun kalau pernah ada pesta meriah & besar2an yang menyebabkan nilai PERnya tidak rasional ( jauh di atas nilai wajar ), setelah pestanya usai maka sang. bandar & afiliasinya akan menyeret kembali saham itu ke harga yang rasional & logis.

Saham2 yang saat ini nilai PER melesat jauh di atas angka wajar maka pada saatnya akan di seret kembali oleh panitia pesta untuk di rasionalisasi, setelah si emiten menunjukkan kinerja yang memuaskan baru akan dipertimbangkan untuk di ajak pesta kembali.
Jika tidak ada prestasi yang gemilang ya duduk dulu di bangku cadangan.
Sampe kapan ?
Sampai si emiten dianggap bisa menunjukkan daya tariknya di tengah2 pasar.

Mau ikut pesta ?
Cek dulu nilai PERnya rasional atau tidak ?
Jika tidak maka kalaupun ada pesta maka sudah bisa dipastikan pesta itu akan menelan banyak korban.
Mau tetep ikutan ? tentu saja itu hak masing2.
Agar selamat pastikan kita cerdas, tangkas & lincah.

Siap korbannya ?
Mereka2 yang ambisius tanpa mau peduli terhadap parameter suatu saham.
Setidaknya parameter administratif.

Daftar tuan rumah pesta meriah :",TRGU,0.0,1.0
"4 Oct 22, 14:16","@RoyJill $ARKO saya nyicip, kalau $BUAH kemarin lupa order pas IPO..saya dpt ARA pertama dari $CRAB malahan..eh iya ada $TRGU juga..smpe lupa..

kalau CHEM sampai sekarang balik ke harga IPO aja belum bisa om, jadi ya biarin aja dulu",TRGU,0.0,1.0
"4 Oct 22, 11:20",Laporan Bulanan Registrasi Pemegang Efek [TRGU],TRGU,0.0,0.0
"3 Oct 22, 18:39 Â· Edited on 3 Oct 22, 20:19","Rekaman SHORT CLASS CHART AND CANDLE PATTERN

+ live analysis

1. INTP
2. $TRGU
3. $PANS
4. KBLM
5. MTMH
6. SMDR
7. ASHA
8.
9. INKP
10.
11. HOMI
12.
13. ELPI
14. RAJA",TRGU,0.0,0.0
"3 Oct 22, 13:04",$TRGU siapa masih yangkut disini ğŸ’†ğŸ’†,TRGU,1.0,0.0
"3 Oct 22, 10:10","hasil JJS / Menu sore minggu lalu di Grup Calm Trading..

$OBMD $BIPI $TRGU $ASHA $KEEN
trading konsisten Profit setiap hari loh Sobat CT",TRGU,0.0,1.0
"2 Oct 22, 09:26","Hanya utk yg mau scalping aja

mendengar 1x berbeda dengan mendengar 10x
berbeda pula dengan mendengar 100x
berbeda pula dengan mendengar 1000x

begitulah agar insting-nya dapet,
coba aja. ğŸ²",TRGU,0.0,1.0
"30 Sep 22, 09:06","$TRGU uda sell, nga ada harapan saham ginian, bagusan move ke $VICO",TRGU,1.0,0.0
"29 Sep 22, 14:47",$TRGU,TRGU,0.0,0.0
"29 Sep 22, 14:45",$TRGU besok jumat berkah ğŸš€ğŸ™,TRGU,0.0,0.0
"29 Sep 22, 14:25","@bamzat bahagianya saya, direply tokoh terkenal youtube. guru RoehTV.

$BBCA $SLIS $TRGU $ULTJ $KRYA",TRGU,0.0,1.0
